{"options":{"check_for_updates":true,"comment":null,"compatopts_for_requires":true,"compat_wrappedjsobject":false,"compat_metadata":false,"compat_foreach":false,"compat_prototypes":false,"compat_powerful_this":null,"noframes":null,"unwrap":null,"run_at":null,"tab_types":null,"override":{"use_includes":[],"orig_includes":["*://m.youku.com/v*","*://m.youku.com/a*","*://v.youku.com/v_*","*://v.youku.com/pad_show*","*://*.iqiyi.com/v_*","*://*.iqiyi.com/w_*","*://*.iqiyi.com/a_*","*://*.iqiyi.com/adv*","*.iq.com/play/*","*://*.le.com/ptv/vplay/*","*v.qq.com/x/cover/*","*v.qq.com/x/page/*","*v.qq.com/*play*","*v.qq.com/cover*","*://*.tudou.com/listplay/*","*://*.tudou.com/albumplay/*","*://*.tudou.com/programs/view/*","*://*.tudou.com/v*","*://*.mgtv.com/b/*","*://film.sohu.com/album/*","*://tv.sohu.com/v/*","*://*.acfun.cn/v/*","*://*.bilibili.com/video/*","*://*.bilibili.com/anime/*","*://*.bilibili.com/bangumi/play/*","*://*.pptv.com/show/*","*://*.baofeng.com/play/*","*://*.wasu.cn/Play/show*","*://v.yinyuetai.com/video/*","*://v.yinyuetai.com/playlist/*","*://*.wasu.cn/Play/show/*","*://music.taihe.com/song*","*://item.taobao.com/*","*://s.taobao.com/search*","*://list.tmall.com/search_product.htm*","*://detail.tmall.com/*","*://chaoshi.detail.tmall.com/*","*://detail.tmall.hk/*","*://item.yiyaojd.com/*","*://item.jd.com/*","*://search.jd.com/*","*://item.jd.hk/*","*://search.kaola.com/*","*://goods.kaola.com*","*://detail.vip.com/detail-*","*://product.suning.com/*","*://music.163.com/song*","*://music.163.com/m/song*","*://y.qq.com/*","*://*.kugou.com/*","*://*.kuwo.cn/*","*://*.xiami.com/*","*://music.taihe.com/*","*://*.1ting.com/player*","*://www.qingting.fm/*","*://www.lizhi.fm/*","*://music.migu.cn/*","*://www.shangxueba.com/ask/*.html","*://www.ximalaya.com/*","*://www.shangxueba.com/ask/*.html","*://pan.baidu.com/disk/home*","*://yun.baidu.com/disk/home*","*://pan.baidu.com/s/*","*://yun.baidu.com/s/*","*://pan.baidu.com/share/link*","*://yun.baidu.com/share/link*","*://wenku.baidu.com/view/*","*blog.csdn.net/*","*://link.csdn.net/*","*://link.zhihu.com/*","*://browser.gwdang.com/*","*www.jianshu.com/go-wild*","*://*gitee.com/link*","*://*juejin.cn/?target*","*://www.aliyundrive.com/drive*","*://www.youtube.com/watch?v=*","*://support.qq.com/products*","*://weibo.cn/sinaurl*","*://afdian.net/link*","*://*oschina.net/action/GoToLink*","*://jump2.bdimg.com/safecheck*","*://www.douban.com/link2/?url*","*://link.17173.com*","*://search.suning.com/*","*://settings.wandhi.com/*"],"merge_includes":true,"use_matches":[],"orig_matches":["*://www.baidu.com/*","*://www.google.com/*","*://www.sogou.com/*"],"merge_matches":true,"use_excludes":[],"orig_excludes":["*://tv.wandhi.com/*","*://vip.wandhi.com/*"],"merge_excludes":true,"use_connects":[],"orig_connects":["shangxueba365.com","api.wandhi.com","cdn.jsdelivr.net","tool.manmanbuy.com","xbeibeix.com","gwdang.com","scriptcat.org"],"merge_connects":true,"use_blockers":[],"orig_run_at":"document-end","orig_noframes":null}},"settings":{"enabled":true,"position":5},"meta":{"name":"【玩的嗨】VIP工具箱,百度文库解析导出,全网VIP视频免费破解去广告,一站式音乐搜索下载,获取B站封面,下载B站视频等众多功能聚合 长期更新,放心使用","uuid":"5ad7d6e3-18f8-4413-8116-bd93494c6ade","modified":1665820046331,"file_url":"https://greasyfork.org/scripts/384538-%E7%8E%A9%E7%9A%84%E5%97%A8-vip%E5%B7%A5%E5%85%B7%E7%AE%B1-%E7%99%BE%E5%BA%A6%E6%96%87%E5%BA%93%E8%A7%A3%E6%9E%90%E5%AF%BC%E5%87%BA-%E5%85%A8%E7%BD%91vip%E8%A7%86%E9%A2%91%E5%85%8D%E8%B4%B9%E7%A0%B4%E8%A7%A3%E5%8E%BB%E5%B9%BF%E5%91%8A-%E4%B8%80%E7%AB%99%E5%BC%8F%E9%9F%B3%E4%B9%90%E6%90%9C%E7%B4%A2%E4%B8%8B%E8%BD%BD-%E8%8E%B7%E5%8F%96b%E7%AB%99%E5%B0%81%E9%9D%A2-%E4%B8%8B%E8%BD%BDb%E7%AB%99%E8%A7%86%E9%A2%91%E7%AD%89%E4%BC%97%E5%A4%9A%E5%8A%9F%E8%83%BD%E8%81%9A%E5%90%88-%E9%95%BF%E6%9C%9F%E6%9B%B4%E6%96%B0-%E6%94%BE%E5%BF%83%E4%BD%BF%E7%94%A8/code/%E3%80%90%E7%8E%A9%E7%9A%84%E5%97%A8%E3%80%91VIP%E5%B7%A5%E5%85%B7%E7%AE%B1,%E7%99%BE%E5%BA%A6%E6%96%87%E5%BA%93%E8%A7%A3%E6%9E%90%E5%AF%BC%E5%87%BA,%E5%85%A8%E7%BD%91VIP%E8%A7%86%E9%A2%91%E5%85%8D%E8%B4%B9%E7%A0%B4%E8%A7%A3%E5%8E%BB%E5%B9%BF%E5%91%8A,%E4%B8%80%E7%AB%99%E5%BC%8F%E9%9F%B3%E4%B9%90%E6%90%9C%E7%B4%A2%E4%B8%8B%E8%BD%BD,%E8%8E%B7%E5%8F%96B%E7%AB%99%E5%B0%81%E9%9D%A2,%E4%B8%8B%E8%BD%BDB%E7%AB%99%E8%A7%86%E9%A2%91%E7%AD%89%E4%BC%97%E5%A4%9A%E5%8A%9F%E8%83%BD%E8%81%9A%E5%90%88%20%E9%95%BF%E6%9C%9F%E6%9B%B4%E6%96%B0,%E6%94%BE%E5%BF%83%E4%BD%BF%E7%94%A8.user.js"}}