{"options":{"check_for_updates":true,"comment":null,"compatopts_for_requires":true,"compat_wrappedjsobject":false,"compat_metadata":false,"compat_foreach":false,"compat_prototypes":false,"compat_powerful_this":null,"noframes":null,"unwrap":null,"run_at":null,"tab_types":null,"override":{"use_includes":[],"orig_includes":[],"merge_includes":true,"use_matches":[],"orig_matches":["https://www.aliyundrive.com/*","https://pan.quark.cn/*"],"merge_matches":true,"use_excludes":[],"orig_excludes":[],"merge_excludes":true,"use_connects":[],"orig_connects":["yiso.fun"],"merge_connects":true,"use_blockers":[],"orig_run_at":"document-body","orig_noframes":null}},"settings":{"enabled":true,"position":1},"meta":{"name":"易搜-强大的云盘搜索","uuid":"45b5b159-bf17-46d0-8c3c-58a41877fad6","modified":1665820000518,"file_url":"https://greasyfork.org/scripts/448412-%E6%98%93%E6%90%9C-%E5%BC%BA%E5%A4%A7%E7%9A%84%E4%BA%91%E7%9B%98%E6%90%9C%E7%B4%A2/code/%E6%98%93%E6%90%9C-%E5%BC%BA%E5%A4%A7%E7%9A%84%E4%BA%91%E7%9B%98%E6%90%9C%E7%B4%A2.user.js"}}