{"options":{"check_for_updates":true,"comment":null,"compatopts_for_requires":true,"compat_wrappedjsobject":false,"compat_metadata":false,"compat_foreach":false,"compat_prototypes":false,"compat_powerful_this":null,"noframes":null,"unwrap":null,"run_at":null,"tab_types":null,"override":{"use_includes":[],"orig_includes":["*://*.google.com/*","*://link.zhihu.com/*","*://link.csdn.net/*","*://link.juejin.cn*","*://www.jianshu.com/go-wild*","*://mail.qq.com/cgi-bin/readtemplate*"],"merge_includes":true,"use_matches":[],"orig_matches":[],"merge_matches":true,"use_excludes":[],"orig_excludes":[],"merge_excludes":true,"use_connects":[],"orig_connects":[],"merge_connects":true,"use_blockers":[],"orig_run_at":"document-start","orig_noframes":null}},"settings":{"enabled":true,"position":7},"meta":{"name":"🔥🔥🔥跳转链接直达🔥🔥🔥","uuid":"3a6e4cdb-5b48-45c9-ae40-6d3b6386bfb9","modified":1665820199339,"file_url":"https://greasyfork.org/scripts/419062-%E8%B7%B3%E8%BD%AC%E9%93%BE%E6%8E%A5%E7%9B%B4%E8%BE%BE/code/%F0%9F%94%A5%F0%9F%94%A5%F0%9F%94%A5%E8%B7%B3%E8%BD%AC%E9%93%BE%E6%8E%A5%E7%9B%B4%E8%BE%BE%F0%9F%94%A5%F0%9F%94%A5%F0%9F%94%A5.user.js"}}